family	observable	config	sigma_int	PredTotal_pct	detVar_pct	flux_pct	xsec_pct	MCS_pct	chi2_truth	p_truth
incl	pmu	fhc5	8.4820e-01	39.8	21.1	29.0	11.4	9.7	1.024	0.985
incl	ppi3bin	fhc5	8.3040e-01	53.2	32.4	36.3	15.4	0.0	0.370	0.946
incl	costhmu	fhc5	6.8930e-01	40.4	23.8	29.0	11.5	0.0	2.638	0.955
incl	costhpi	fhc5	6.3570e-01	39.3	23.6	26.9	11.4	0.0	1.088	0.955
incl	thmupi	fhc5	8.2380e-01	36.5	19.0	28.8	10.2	0.0	0.437	0.994
incl	pmu	rhcfull	6.6100e-01	42.2	24.0	29.3	12.5	11.6	0.268	1.000
incl	ppi3bin	rhcfull	7.1960e-01	40.9	21.5	29.3	13.9	0.0	0.008	1.000
incl	costhmu	rhcfull	6.8480e-01	37.5	23.1	26.1	9.6	0.0	1.504	0.993
incl	costhpi	rhcfull	5.8020e-01	38.4	25.1	25.5	10.5	0.0	0.450	0.994
incl	thmupi	rhcfull	8.0620e-01	34.0	17.4	26.3	11.0	0.0	0.086	1.000
incl	pmu	comb	7.6320e-01	39.8	24.2	27.1	11.4	8.8	0.174	1.000
incl	ppi3bin	comb	7.5480e-01	45.1	24.8	31.8	14.8	0.0	0.120	0.989
incl	costhmu	comb	7.0640e-01	35.0	22.7	23.8	8.9	0.0	1.509	0.993
incl	costhpi	comb	6.3820e-01	34.6	20.6	23.5	10.6	0.0	0.766	0.979
incl	thmupi	comb	9.0210e-01	32.8	16.0	26.1	10.3	0.0	0.158	1.000
1p	Whad	fhc5	5.3650e-01	51.8	25.3	36.8	20.8	9.9	0.039	0.981
1p	Wpipr	fhc5	4.6680e-01	311.7	217.4	87.5	129.8	0.0	0.896	0.989
1p	costhmu	fhc5	5.1740e-01	34.9	18.5	26.2	11.1	0.0	2.383	0.967
1p	costhpi	fhc5	3.9330e-01	40.8	20.5	29.3	14.8	0.0	1.346	0.854
1p	dalphat2bin	fhc5	4.7690e-01	43.8	18.1	34.8	14.8	8.8	0.046	0.977
1p	dphit3bin	fhc5	4.4940e-01	98.4	69.3	54.4	34.1	0.0	0.276	0.964
1p	dpt2bin	fhc5	4.7360e-01	79.6	46.7	51.9	34.4	6.1	0.245	0.885
1p	pmu	fhc5	4.9400e-01	45.5	22.1	32.5	14.5	14.8	0.316	0.999
1p	pn2bin	fhc5	4.8380e-01	96.6	50.2	64.5	45.0	16.2	0.898	0.638
1p	pp	fhc5	4.7690e-01	46.1	23.2	34.6	16.7	0.0	0.023	0.999
1p	ppi2bin	fhc5	4.9580e-01	56.0	33.6	36.0	17.1	0.0	0.007	0.996
1p	thmupi	fhc5	4.6140e-01	40.4	13.5	33.9	15.1	0.0	0.367	0.996
1p	Whad	rhcfull	3.9360e-01	74.4	48.4	42.6	26.4	20.2	0.163	0.922
1p	Wpipr	rhcfull	3.1380e-01	70.5	46.6	41.0	19.4	0.0	1.709	0.944
1p	costhmu	rhcfull	3.3310e-01	54.4	37.3	33.5	15.0	0.0	1.362	0.995
1p	costhpi	rhcfull	3.6200e-01	81.7	56.2	49.7	24.7	0.0	5.412	0.248
1p	dalphat2bin	rhcfull	4.2290e-01	42.6	22.9	31.1	12.6	6.9	0.089	0.957
1p	dphit3bin	rhcfull	4.6110e-01	44.8	35.7	21.5	10.7	0.0	0.172	0.982
1p	dpt2bin	rhcfull	4.6850e-01	32.8	21.4	22.0	8.9	2.6	0.678	0.713
1p	pmu	rhcfull	3.4610e-01	52.2	30.6	37.3	15.2	7.9	0.324	0.999
1p	pn2bin	rhcfull	3.8390e-01	125.3	75.5	78.5	56.3	13.9	0.954	0.621
1p	pp	rhcfull	3.8130e-01	52.6	35.1	34.6	15.2	0.0	0.106	0.991
1p	ppi2bin	rhcfull	4.2110e-01	95.9	61.1	58.5	34.2	0.0	1.153	0.562
1p	thmupi	rhcfull	3.7230e-01	44.2	21.0	34.2	15.6	0.0	0.035	1.000
1p	Whad	comb	4.6550e-01	65.9	34.6	40.9	27.0	20.7	0.041	0.980
1p	Wpipr	comb	3.6530e-01	67.0	41.9	40.2	20.3	0.0	0.636	0.996
1p	costhmu	comb	3.9090e-01	42.6	20.7	32.8	14.2	0.0	3.688	0.884
1p	costhpi	comb	3.8140e-01	45.2	24.6	32.0	15.8	0.0	4.192	0.381
1p	dalphat2bin	comb	4.4560e-01	44.1	21.5	33.3	13.9	9.2	0.008	0.996
1p	dphit3bin	comb	5.2190e-01	29.6	14.5	23.1	8.2	0.0	0.090	0.993
1p	dpt2bin	comb	5.6930e-01	21.9	9.6	17.4	6.6	3.5	0.672	0.715
1p	pmu	comb	4.0190e-01	50.4	27.3	36.5	14.5	13.0	0.769	0.993
1p	pn2bin	comb	4.4470e-01	96.1	46.3	66.4	46.5	14.0	1.798	0.407
1p	pp	comb	4.3350e-01	48.2	27.2	34.9	15.9	0.0	0.088	0.993
1p	ppi2bin	comb	4.5770e-01	67.6	43.0	42.0	21.6	0.0	0.236	0.889
1p	thmupi	comb	4.2760e-01	39.7	14.4	33.2	14.4	0.0	0.159	1.000
