family	observable	config	sigma_int	PredTotal_pct	detVar_pct	flux_pct	xsec_pct	chi2_truth	p_truth
1p	Whad	fhc5	5.2730e-01	52.1	25.6	37.5	21.8	0.038	0.981
1p	Wpipr	fhc5	4.6640e-01	104.9	74.3	40.5	35.1	0.916	0.989
1p	costhmu	fhc5	4.9940e-01	35.8	19.0	26.9	11.7	2.223	0.973
1p	costhpi	fhc5	3.8280e-01	44.1	24.6	29.8	15.0	0.359	0.986
1p	dalphat2bin	fhc5	4.7560e-01	43.2	18.5	35.1	15.0	0.049	0.976
1p	dphit3bin	fhc5	4.4860e-01	78.7	50.6	47.7	29.0	0.253	0.969
1p	dpt2bin	fhc5	4.6880e-01	70.8	39.9	47.9	30.4	0.194	0.908
1p	pmu	fhc5	4.7650e-01	44.7	21.8	34.7	15.9	0.433	0.999
1p	pn2bin	fhc5	4.7610e-01	93.4	49.1	63.7	43.5	0.765	0.682
1p	pp	fhc5	4.7010e-01	44.6	21.3	33.8	16.4	0.007	1.000
1p	ppi2bin	fhc5	4.9280e-01	57.8	34.5	36.5	18.2	0.022	0.989
1p	thmupi	fhc5	4.5110e-01	41.3	14.0	34.5	15.8	0.324	0.997
1p	Whad	rhcfull	4.0150e-01	70.1	48.8	40.8	25.6	0.167	0.920
1p	Wpipr	rhcfull	3.0500e-01	71.7	44.5	44.7	20.4	2.565	0.861
1p	costhmu	rhcfull	3.3000e-01	55.7	39.6	32.6	14.8	1.336	0.995
1p	costhpi	rhcfull	3.6480e-01	76.0	51.3	46.6	24.5	6.010	0.198
1p	dalphat2bin	rhcfull	4.3840e-01	40.9	23.0	30.5	12.4	0.186	0.911
1p	dphit3bin	rhcfull	4.9480e-01	47.0	38.8	20.4	10.5	0.157	0.984
1p	dpt2bin	rhcfull	4.1790e-01	55.8	34.5	36.5	21.4	0.517	0.772
1p	pmu	rhcfull	3.4410e-01	49.5	23.8	38.8	16.4	0.401	0.999
1p	pn2bin	rhcfull	3.9120e-01	120.2	74.5	74.6	53.8	1.061	0.588
1p	pp	rhcfull	3.8650e-01	52.7	36.1	33.7	15.2	0.055	0.997
1p	ppi2bin	rhcfull	4.2930e-01	107.9	70.1	63.0	40.1	1.208	0.547
1p	thmupi	rhcfull	3.6700e-01	45.0	21.7	34.7	16.3	0.143	1.000
1p	Whad	comb	4.6430e-01	63.1	35.9	40.6	27.4	0.054	0.973
1p	Wpipr	comb	3.5930e-01	68.8	44.4	41.1	19.5	1.117	0.981
1p	costhmu	comb	3.9130e-01	41.1	20.3	31.7	13.6	3.110	0.927
1p	costhpi	comb	3.7630e-01	47.5	27.2	32.5	16.7	3.887	0.421
1p	dalphat2bin	comb	4.5340e-01	42.7	21.7	33.2	13.8	0.018	0.991
1p	dphit3bin	comb	5.6730e-01	30.8	13.5	25.0	8.9	0.227	0.973
1p	dpt2bin	comb	5.6550e-01	22.0	9.9	17.6	6.7	0.556	0.757
1p	pmu	comb	4.0000e-01	48.5	26.7	36.6	15.4	0.459	0.998
1p	pn2bin	comb	4.4860e-01	84.8	41.5	59.6	40.7	1.808	0.405
1p	pp	comb	4.3260e-01	47.2	27.0	33.8	15.6	0.027	0.999
1p	ppi2bin	comb	4.5920e-01	71.7	44.0	44.4	25.3	0.483	0.785
1p	thmupi	comb	4.2850e-01	40.6	16.0	33.6	14.6	0.166	0.999
