# Binning review of 2026-09-26 (0.68 versus 0.50 migration-diagonal criteria), fake data on the corrected
# exposure; technical supplement sec:binreview. Study only: no released binning is changed.
# Binning selected per observable and criterion by the rule of report/tools/binreview_tables.py.
family	observable	criterion	choice	bins	finest_admissible	worst_diag_FHC_RHC	trace_AC_FHC_RHC_COMB	factors_ge_0.5	max_bin_unc_pct	rule_sensitive	alternatives	edges
incl	pmu	0.68	pmuK4	4	4	0.711/0.713	1.71/1.64/1.79	2/2/2	47/44/48	False	pmuK4	0.15 0.3 0.525 0.95 3
incl	pmu	0.5	pmuK6	6	7	0.567/0.590	2.09/1.93/2.23	2/2/2	47/49/43	True	pmuK5,pmuK6,pmuK7	0.15 0.3 0.425 0.575 0.825 1.25 3
incl	ppi	0.68	released	2	2	0.756/0.767	1.40/1.26/1.41	2/1/2	111/62/71	False	released	0.175 0.205 1
incl	ppi	0.5	ppiK3	3	3	0.507/0.530	1.57/1.55/1.60	2/2/2	75/45/53	True	ppiK3,released	0.175 0.205 0.26 1
incl	costhmu	0.68	costhmuK7	7	8	0.701/0.696	3.53/3.19/3.29	4/4/4	54/61/53	True	costhmuK6,costhmuK7	-1 0.55 0.725 0.825 0.9 0.95 0.975 1
incl	costhmu	0.5	costhmuK8	8	10	0.664/0.659	4.00/3.66/3.75	4/4/4	62/56/49	True	costhmuK7,costhmuK8	-1 0.4 0.625 0.75 0.825 0.9 0.95 0.975 1
incl	thetamu	0.68	thetamuK8	8	9	0.702/0.702	2.53/2.70/3.11	3/3/3	51/44/44	True	thetamuK5,thetamuK8,thetamuK9	0 0.16 0.239 0.339 0.439 0.578 0.738 0.957 3.15
incl	thetamu	0.5	thetamuK10	10	10	0.638/0.661	3.17/3.17/3.56	3/2/4	45/60/65	True	thetamuK10,thetamuK9	0 0.16 0.239 0.319 0.399 0.498 0.618 0.738 0.897 1.156 3.15
incl	costhpi	0.68	costhpiK7	7	8	0.732/0.738	3.55/3.64/4.09	4/3/5	60/62/44	True	costhpiK6,costhpiK7,released	-1 -0.15 0.15 0.375 0.6 0.775 0.925 1
incl	costhpi	0.5	costhpiK7	7	10	0.732/0.738	3.55/3.64/4.09	4/3/5	60/62/44	True	costhpiK6,costhpiK7	-1 -0.15 0.15 0.375 0.6 0.775 0.925 1
incl	thmupi	0.68	thmupiK6	6	10	0.829/0.831	2.35/2.72/2.60	3/3/3	37/48/35	True	thmupiK5,thmupiK6,thmupiK8,thmupiK9	0 0.55 0.875 1.225 1.625 2.05 2.6
incl	thmupi	0.5	thmupiK6	6	11	0.829/0.831	2.35/2.72/2.60	3/3/3	37/48/35	True	thmupiK10,thmupiK5,thmupiK6,thmupiK8	0 0.55 0.875 1.225 1.625 2.05 2.6
1p	Whad	0.68	WhadK2	2	2	0.713/0.717	1.34/1.25/1.45	1/1/2	68/100/91	False	WhadK2	0 1.18 2.74
1p	Whad	0.5	WhadK2	2	2	0.713/0.717	1.34/1.25/1.45	1/1/2	68/100/91	False	WhadK2	0 1.18 2.74
1p	Wpipr	0.68	one bin	1	1					False	one bin	
1p	Wpipr	0.5	WpiprK2	2	2	0.503/0.507	1.14/1.09/1.18	1/1/1	91/136/113	False	WpiprK2	1.08 1.2 2.9
1p	dpt	0.68	released	2	2	0.738/0.721	1.45/1.23/0.98	2/1/1	121/85/24	False	released	0 0.3 2.5
1p	dpt	0.5	released	2	3	0.738/0.721	1.45/1.23/0.98	2/1/1	121/85/24	True	dptK3,released	0 0.3 2.5
1p	dalphat	0.68	one bin	1	1					False	one bin	
1p	dalphat	0.5	dalphatK2	2	3	0.672/0.664	1.05/1.08/1.11	1/1/1	46/49/46	False	dalphatK2	0 122.5 180
1p	dphit	0.68	released	2	2	0.791/0.760	1.53/1.39/1.09	2/2/1	189/152/37	False	released	0 50 180
1p	dphit	0.5	dphitK3	3	3	0.617/0.600	2.00/1.63/1.82	2/2/2	188/69/48	False	dphitK3	0 22.5 75 180
1p	pn	0.68	released	2	2	0.774/0.754	1.66/1.53/1.55	2/2/2	172/222/155	False	released	0 0.375 2
1p	pn	0.5	released	2	3	0.774/0.754	1.66/1.53/1.55	2/2/2	172/222/155	False	released	0 0.375 2
1p	thetap	0.68	thetapK4	4	4	0.690/0.682	2.08/2.06/2.28	2/2/3	41/84/43	False	thetapK4	0 0.44 0.785 1.162 3.142
1p	thetap	0.5	thetapK4	4	6	0.690/0.682	2.08/2.06/2.28	2/2/3	41/84/43	True	thetapK4,thetapK5	0 0.44 0.785 1.162 3.142
1p	thpipr	0.68	thpiprK3	3	3	0.750/0.739	1.88/1.81/1.93	2/2/2	97/121/99	False	thpiprK3	0 1.131 1.916 3.142
1p	thpipr	0.5	thpiprK4	4	6	0.674/0.667	2.20/2.10/2.17	3/3/2	94/141/60	True	thpiprK4,thpiprK5	0 0.911 1.414 1.916 3.142
1p	pp	0.68	ppK2	2	3	0.874/0.863	1.34/1.28/1.37	2/1/2	48/61/52	True	ppK2,ppK3	0.3 0.42 1.5
1p	pp	0.5	ppK3	3	5	0.741/0.727	1.49/1.40/1.48	2/2/2	48/58/51	True	ppK2,ppK3	0.3 0.42 0.6 1.5
