# Measurement-space curves for incl_COMB_costhpi_costhmu2d (two-dimensional, combined configuration).
# Analysis bins ordered outer slice by outer slice, inner variable fastest. All model columns are
# ALREADY smeared by A_C. Values are d2sigma/dXdY in 1e-38 cm^2/(unit X)/(unit Y)/Ar; multiply by
# area to integrate. Inner X = cos_theta_pi, outer Y = cos_theta_mu.
bin	inner_low	inner_high	outer_low	outer_high	area	unfolded_data	stat_err	truth_smeared	tune_smeared	GENIE_smeared	GiBUU_smeared	NEUT_smeared	NuWro_smeared
0	-1	0.35	-1	0.65	2.2275	0.020809018	0.011177555	0.016522797	0.016632744	0.013049355	0.02240554	0.019865571	0.019906911
1	0.35	1	-1	0.65	1.0725	0.14378371	0.091635222	0.15744369	0.15465912	0.11981558	0.15795249	0.16507241	0.1610441
2	-1	0.35	0.65	0.85	0.27	0.15159882	0.066883244	0.1495217	0.14726973	0.11490385	0.18670839	0.20104478	0.18989375
3	0.35	1	0.65	0.85	0.13	0.96853936	0.45252091	0.88860774	0.89163114	0.68666259	0.92600065	1.0102428	0.90693961
4	-1	0.35	0.85	1	0.2025	0.50837285	0.16827151	0.53071241	0.52141194	0.39602451	0.60609871	0.68650806	0.66499544
5	0.35	1	0.85	1	0.0975	2.5764292	0.9276359	2.6523966	2.6032622	1.908288	2.4586558	3.3666852	3.1345815
