config	selection	stage	signal	nu_bkg	ext	dirt	pred	eff_pct	pur_pct
FHC	CC1mu2pi	None	1210.22	238822.51	3256688.63	170168.852	3666890.22	100.00	0.03
FHC	CC1mu2pi	Vertex in FV	1023.04	55740.16	122859.47	8704.464	188327.14	84.53	0.54
FHC	CC1mu2pi	Topological	848.18	26407.05	4299.35	826.737	32381.31	70.08	2.62
FHC	CC1mu2pi	MuonCandidate	760.45	18412.95	1870.17	529.518	21573.09	62.84	3.52
FHC	CC1mu2pi	N pions	253.93	709.26	47.69	13.121	1024.00	20.98	24.80
FHC	CC1mu2pi	Final (selected)	223.88	614.41	40.75	12.737	891.78	18.50	25.11
FHC	CC1mu2pi	diag: + shower veto	160.59	334.72	24.04	9.593	528.94	13.27	30.36
FHC	CC1mu2pi	diag: + 3-plane mu, pi	132.37	260.69	18.01	6.869	417.94	10.94	31.67
FHC	CC1mu3pi	None	203.78	239828.95	3256688.63	170168.852	3666890.22	100.00	0.01
FHC	CC1mu3pi	Vertex in FV	173.72	56589.48	122859.47	8704.464	188327.14	85.25	0.09
FHC	CC1mu3pi	Topological	144.87	27110.35	4299.35	826.737	32381.31	71.09	0.45
FHC	CC1mu3pi	MuonCandidate	128.48	19044.92	1870.17	529.518	21573.09	63.05	0.60
FHC	CC1mu3pi	N pions	25.31	196.50	11.91	4.767	238.48	12.42	10.61
FHC	CC1mu3pi	Final (selected)	21.79	174.93	11.30	4.767	212.78	10.69	10.24
FHC	CC1mu3pi	diag: + shower veto	13.94	99.04	6.99	4.767	124.74	6.84	11.18
FHC	CC1mu3pi	diag: + 3-plane mu, pi	11.24	78.21	6.14	3.439	99.04	5.52	11.35
RHC	CC1mu2pi	None	1672.07	290643.14	3560974.57	267448.563	4120738.35	100.00	0.04
RHC	CC1mu2pi	Vertex in FV	1415.33	68845.43	139121.75	13778.367	223160.88	84.65	0.63
RHC	CC1mu2pi	Topological	1187.62	32999.78	4767.10	1236.864	40191.37	71.03	2.95
RHC	CC1mu2pi	MuonCandidate	1077.90	22994.03	2089.87	729.683	26891.48	64.46	4.01
RHC	CC1mu2pi	N pions	352.98	1027.83	50.44	32.403	1463.65	21.11	24.12
RHC	CC1mu2pi	Final (selected)	306.30	862.83	43.82	27.250	1240.20	18.32	24.70
RHC	CC1mu2pi	diag: + shower veto	207.19	424.78	28.52	21.670	682.16	12.39	30.37
RHC	CC1mu2pi	diag: + 3-plane mu, pi	175.24	335.01	20.57	12.297	543.12	10.48	32.27
RHC	CC1mu3pi	None	346.89	291968.32	3560974.57	267448.563	4120738.35	100.00	0.01
RHC	CC1mu3pi	Vertex in FV	294.99	69965.77	139121.75	13778.367	223160.88	85.04	0.13
RHC	CC1mu3pi	Topological	245.56	33941.85	4767.10	1236.864	40191.37	70.79	0.61
RHC	CC1mu3pi	MuonCandidate	216.30	23855.63	2089.87	729.683	26891.48	62.35	0.80
RHC	CC1mu3pi	N pions	39.50	317.84	17.67	7.347	382.36	11.39	10.33
RHC	CC1mu3pi	Final (selected)	33.05	274.06	16.21	6.916	330.23	9.53	10.01
RHC	CC1mu3pi	diag: + shower veto	19.31	137.78	11.54	6.462	175.09	5.57	11.03
RHC	CC1mu3pi	diag: + 3-plane mu, pi	16.57	109.43	10.03	5.259	141.29	4.78	11.73
COMB	CC1mu2pi	None	2882.29	529465.66	6817663.21	437617.415	7787628.57	100.00	0.04
COMB	CC1mu2pi	Vertex in FV	2438.37	124585.59	261981.23	22482.831	411488.02	84.60	0.59
COMB	CC1mu2pi	Topological	2035.80	59406.83	9066.45	2063.601	72572.68	70.63	2.81
COMB	CC1mu2pi	MuonCandidate	1838.35	41406.98	3960.04	1259.201	48464.57	63.78	3.79
COMB	CC1mu2pi	N pions	606.90	1737.10	98.13	45.524	2487.65	21.06	24.40
COMB	CC1mu2pi	Final (selected)	530.18	1477.24	84.56	39.987	2131.98	18.39	24.87
COMB	CC1mu2pi	diag: + shower veto	367.79	759.49	52.56	31.264	1211.10	12.76	30.37
COMB	CC1mu2pi	diag: + 3-plane mu, pi	307.61	595.70	38.58	19.167	961.06	10.67	32.01
COMB	CC1mu3pi	None	550.68	531797.27	6817663.21	437617.415	7787628.57	100.00	0.01
COMB	CC1mu3pi	Vertex in FV	468.71	126555.25	261981.23	22482.831	411488.02	85.11	0.11
COMB	CC1mu3pi	Topological	390.43	61052.20	9066.45	2063.601	72572.68	70.90	0.54
COMB	CC1mu3pi	MuonCandidate	344.78	42900.55	3960.04	1259.201	48464.57	62.61	0.71
COMB	CC1mu3pi	N pions	64.80	514.34	29.58	12.114	620.84	11.77	10.44
COMB	CC1mu3pi	Final (selected)	54.83	448.99	27.51	11.683	543.01	9.96	10.10
COMB	CC1mu3pi	diag: + shower veto	33.25	236.82	18.53	11.229	299.83	6.04	11.09
COMB	CC1mu3pi	diag: + 3-plane mu, pi	27.82	187.64	16.18	8.698	240.33	5.05	11.57
